Workbook

Sheet Eng Hearing Sheet
A1: Task ID | B1: Category | C1: Task | D1: Mode | E1: Spec Ref | F1: Spec Quote (Original Japanese) | G1: Context / Note (English) | H1: Min (hrs) | I1: Likely (hrs) | J1: Max (hrs) | K1: Engineer Comments
A2: 2.6 | B2: Requirements | C2: Reservation system integration design | D2: Detailed | E2: 8(2)オ | F2: 予約システムについては、現行システムを継続利用するものとする。 | G2: Client reservation system details unknown (awaiting answer). Estimate per scenario: (a) external link only, (b) iframe embed, (c) API integration.
A3: 3.4 | B3: Design | C3: System design docs (overview/basic/detail) | D3: Detailed | E3: 12(1) No.5 | F3: 概要設計、基本設計、詳細設計等の各種システム構築に際して行う設計をまとめた資料 | G3: Three-level design documentation required for public sector project. Estimate based on standard delivery level.
A4: 3.6 | B4: Design | C4: Server architecture / network design | D4: Detailed | E4: 5(3), 別記1 | F4: サイト運営に必要なサーバ(容量その他サイト運営に必要なスペックを考慮したものとする。)は受託者において確保し、必要な初期設定を行うこと。 | G4: AWAITING CLIENT ANSWER. Estimate per scenario: (a) prefecture shared infrastructure, (b) external rental server.
A5: 4.1 | B5: Design (Visual) | C5: Design concept / tone definition | D5: Detailed | E5: 8(2)ア | F5: 甲が提供するもののほか、独自のイラストや写真を使用し、ビジュアルで分かりやすいものとすること。 | G5: Concept definition for museum site. Reference current site (https://www.muse.pref.tochigi.lg.jp/) which is dated. New direction needed.
A6: 4.2 | B6: Design (Visual) | C6: Design comp - top page | D6: Detailed | E6: 8(2)ウ | F6: 新サイトの全体設計、ページデザインやレイアウトの作成 | G6: Top page is heaviest weighted in evaluation (20 points). Include revision rounds in estimate.
A7: 4.3 | B7: Design (Visual) | C7: Design comps - lower-level templates | D7: Detailed | E7: 8(2)ウ | F7: 新サイトの全体設計、ページデザインやレイアウトの作成 | G7: Likely 3-5 template patterns: listing, detail article, info page, form page, event special page. Estimate per pattern.
A8: 4.4 | B8: Design (Visual) | C8: Original illustration creation | D8: Detailed | E8: 8(2)ア | F8: 甲が提供するもののほか、独自のイラストや写真を使用し、ビジュアルで分かりやすいものとすること。 | G8: Quantity TBD. Estimate per piece for simple icon style vs detailed illustration.
A9: 4.5 | B9: Design (Visual) | C9: Original photography / stock acquisition | D9: Detailed | E9: 8(2)ア | F9: 甲が提供するもののほか、独自のイラストや写真を使用し、ビジュアルで分かりやすいものとすること。 | G9: Either dispatch photographer to Utsunomiya, or curate stock images. Estimate both scenarios.
A10: 4.6 | B10: Design (Visual) | C10: Accessibility-aware design | D10: Detailed | E10: 5(1)キ(ウ) | F10: 個人情報保護に関する法律及び JIS X 8341-3 に準拠した仕様とし、文字の視認性、色使い、画像の代替テキストへの配慮を行うこと。 | G10: AWAITING CLIENT ANSWER. Estimate per scenario: (a) Level A only, (b) Level AA. Includes color contrast, focus states, alt text strategy.
A11: 5.1 | B11: Frontend | C11: Development environment setup | D11: Quick | E11: 5(1)ア | F11: 受託者において開発環境を用意すること。 | G11: Standard dev environment setup (Docker/local LAMP/etc.). Just give a rough number.
A12: 5.2 | B12: Frontend | C12: HTML/CSS common components | D12: Quick | E12: 5(1)キ(イ) | F12: 新サイトは、HTML、CSS、JavaScript、PHP など、要件全てを満たす技術を用いて制作すること。 | G12: Header, footer, global nav, breadcrumbs. Standard work, rough number is fine.
A13: 5.3 | B13: Frontend | C13: Top page coding | D13: Quick | E13: 5(1)キ | F13: 新サイトは、HTML、CSS、JavaScript、PHP など、要件全てを満たす技術を用いて制作すること。 | G13: Includes opening calendar widget and slider/banner section.
... A63: 14.4 | B63: Handover | C63: Design consideration for future renewal | D63: Quick | E63: 13(8) | F63: 本業務で作成する新サイトについて、将来のアップデート又はリニューアルを見据え、データの移行等がスムーズに行われるよう、設計等の段階において配慮すること。 | G63: Mostly design-phase consideration, not separate work. Rough number for any extra effort.

Sheet Instructions
A1: Engineer Hearing Sheet v2 - How to Use
A3: Purpose
B4: Provide effort estimates (in hours) for engineering tasks. Output feeds into the project quotation.
A6: The 'Mode' column
A7: Quick (green) | B7: Standard work. A rough number is OK. Don't overthink. Aim: <30 seconds per row.
A8: Detailed (orange) | B8: Setup/design choices matter. Think about scenarios, dependencies, risks. Aim: 5-10 minutes per row.
B9: Tip: filter the Mode column to focus on Quick first (~30 rows), then tackle Detailed (~30 rows) when you have a coffee.
A11: What to fill in (Min/Likely/Max)
A12: Min (hrs) | B12: Optimistic. Everything goes smoothly. No surprises. No rework.
A13: Likely (hrs) | B13: Realistic. Based on similar work you have done before. Most projects land here.
A14: Max (hrs) | B14: Pessimistic. Significant complications, rework, or scope creep. Worst-case realistic.
B15: These are PERSON-HOURS. 8 hours = 1 person-day.
A17: The 'Engineer Comments' column
B18: Use this freely. Any of the following helps the PM:
B19: - Assumptions you made (e.g., 'Assumed ACF Pro is available')
B20: - Scenario branches (e.g., 'If Level A: 16h, If Level AA: 40h')
B21: - Dependencies (e.g., 'Cannot estimate until 7.1 hosting decision')
B22: - Risks (e.g., 'Movable Type export format unknown, may need custom parser')
B23: - Anything else worth flagging
A25: Reading the Spec Quote (Japanese)
B26: Column F shows the original Japanese spec text (do not translate it). Column G (Context/Note in English) explains the meaning.
B27: If the English context is unclear, ask the PM. Don't guess from translated Japanese.
A29: Items marked 'AWAITING CLIENT ANSWER'
B30: The client has not yet confirmed certain points (e.g., accessibility level, hosting type).
B31: For these, provide estimates PER SCENARIO. Example: 'Level A: 16h / Level AA: 40h'.
B32: When the client answers (around 2026-06-09), the PM will pick the right scenario.
A34: Color legend
A35: Green cells (Quick) | B35: Rough number is fine.
A36: Orange cells (Detailed) | B36: Think carefully.
A37: Yellow cells | B37: Your input goes here.
A38: White cells | B38: Pre-filled by PM. Do not edit.
A40: Deadline
B41: Please complete by: [PM to fill in - target: by 2026-06-02 for parallel processing while client question awaits]
B42: Questions: contact [PM contact info]

Sheet Summary
A1: Mode | B1: Count | C1: Sum Min | D1: Sum Likely | E1: Sum Max | F1: Sum PERT
A2: Quick | B2: =COUNTIF('Eng Hearing Sheet'!D:D,A2) -> 27 | C2: =SUMIF('Eng Hearing Sheet'!D:D,A2,'Eng Hearing Sheet'!H:H) -> 0 | D2: =SUMIF('Eng Hearing Sheet'!D:D,A2,'Eng Hearing Sheet'!I:I) -> 0 | E2: =SUMIF('Eng Hearing Sheet'!D:D,A2,'Eng Hearing Sheet'!J:J) -> 0 | F2: =IFERROR((C2+4*D2+E2)/6,0) -> 0
A3: Detailed | B3: =COUNTIF('Eng Hearing Sheet'!D:D,A3) -> 35 | C3: =SUMIF('Eng Hearing Sheet'!D:D,A3,'Eng Hearing Sheet'!H:H) -> 0 | D3: =SUMIF('Eng Hearing Sheet'!D:D,A3,'Eng Hearing Sheet'!I:I) -> 0 | E3: =SUMIF('Eng Hearing Sheet'!D:D,A3,'Eng Hearing Sheet'!J:J) -> 0 | F3: =IFERROR((C3+4*D3+E3)/6,0) -> 0
A4: TOTAL | B4: =SUM(B2:B3) -> 62 | C4: =SUM(C2:C3) -> 0 | D4: =SUM(D2:D3) -> 0 | E4: =SUM(E2:E3) -> 0 | F4: =SUM(F2:F3) -> 0
A7: By Category
A8: Category | B8: Count | C8: Sum Min | D8: Sum Likely | E8: Sum Max | F8: Sum PERT
A9: Requirements | B9: =COUNTIF('Eng Hearing Sheet'!B:B,A9) -> 1 | C9: =SUMIF('Eng Hearing Sheet'!B:B,A9,'Eng Hearing Sheet'!H:H) -> 0 | D9: =SUMIF('Eng Hearing Sheet'!B:B,A9,'Eng Hearing Sheet'!I:I) -> 0 | E9: =SUMIF('Eng Hearing Sheet'!B:B,A9,'Eng Hearing Sheet'!J:J) -> 0 | F9: =IFERROR((C9+4*D9+E9)/6,0) -> 0
A10: Design | B10: =COUNTIF('Eng Hearing Sheet'!B:B,A10) -> 2 | C10: =SUMIF('Eng Hearing Sheet'!B:B,A10,'Eng Hearing Sheet'!H:H) -> 0 | D10: =SUMIF('Eng Hearing Sheet'!B:B,A10,'Eng Hearing Sheet'!I:I) -> 0 | E10: =SUMIF('Eng Hearing Sheet'!B:B,A10,'Eng Hearing Sheet'!J:J) -> 0 | F10: =IFERROR((C10+4*D10+E10)/6,0) -> 0
A11: Design (Visual) | B11: =COUNTIF('Eng Hearing Sheet'!B:B,A11) -> 6 | C11: =SUMIF('Eng Hearing Sheet'!B:B,A11,'Eng Hearing Sheet'!H:H) -> 0 | D11: =SUMIF('Eng Hearing Sheet'!B:B,A11,'Eng Hearing Sheet'!I:I) -> 0 | E11: =SUMIF('Eng Hearing Sheet'!B:B,A11,'Eng Hearing Sheet'!J:J) -> 0 | F11: =IFERROR((C11+4*D11+E11)/6,0) -> 0
A12: Frontend | B12: =COUNTIF('Eng Hearing Sheet'!B:B,A12) -> 8 | C12: =SUMIF('Eng Hearing Sheet'!B:B,A12,'Eng Hearing Sheet'!H:H) -> 0 | D12: =SUMIF('Eng Hearing Sheet'!B:B,A12,'Eng Hearing Sheet'!I:I) -> 0 | E12: =SUMIF('Eng Hearing Sheet'!B:B,A12,'Eng Hearing Sheet'!J:J) -> 0 | F12: =IFERROR((C12+4*D12+E12)/6,0) -> 0
A13: CMS (WordPress) | B13: =COUNTIF('Eng Hearing Sheet'!B:B,A13) -> 8 | C13: =SUMIF('Eng Hearing Sheet'!B:B,A13,'Eng Hearing Sheet'!H:H) -> 0 | D13: =SUMIF('Eng Hearing Sheet'!B:B,A13,'Eng Hearing Sheet'!I:I) -> 0 | E13: =SUMIF('Eng Hearing Sheet'!B:B,A13,'Eng Hearing Sheet'!J:J) -> 0 | F13: =IFERROR((C13+4*D13+E13)/6,0) -> 0
A14: Infrastructure | B14: =COUNTIF('Eng Hearing Sheet'!B:B,A14) -> 10 | C14: =SUMIF('Eng Hearing Sheet'!B:B,A14,'Eng Hearing Sheet'!H:H) -> 0 | D14: =SUMIF('Eng Hearing Sheet'!B:B,A14,'Eng Hearing Sheet'!I:I) -> 0 | E14: =SUMIF('Eng Hearing Sheet'!B:B,A14,'Eng Hearing Sheet'!J:J) -> 0 | F14: =IFERROR((C14+4*D14+E14)/6,0) -> 0
A15: SEO / Analytics | B15: =COUNTIF('Eng Hearing Sheet'!B:B,A15) -> 7 | C15: =SUMIF('Eng Hearing Sheet'!B:B,A15,'Eng Hearing Sheet'!H:H) -> 0 | D15: =SUMIF('Eng Hearing Sheet'!B:B,A15,'Eng Hearing Sheet'!I:I) -> 0 | E15: =SUMIF('Eng Hearing Sheet'!B:B,A15,'Eng Hearing Sheet'!J:J) -> 0 | F15: =IFERROR((C15+4*D15+E15)/6,0) -> 0
A16: Testing / QA | B16: =COUNTIF('Eng Hearing Sheet'!B:B,A16) -> 8 | C16: =SUMIF('Eng Hearing Sheet'!B:B,A16,'Eng Hearing Sheet'!H:H) -> 0 | D16: =SUMIF('Eng Hearing Sheet'!B:B,A16,'Eng Hearing Sheet'!I:I) -> 0 | E16: =SUMIF('Eng Hearing Sheet'!B:B,A16,'Eng Hearing Sheet'!J:J) -> 0 | F16: =IFERROR((C16+4*D16+E16)/6,0) -> 0
A17: Documentation | B17: =COUNTIF('Eng Hearing Sheet'!B:B,A17) -> 1 | C17: =SUMIF('Eng Hearing Sheet'!B:B,A17,'Eng Hearing Sheet'!H:H) -> 0 | D17: =SUMIF('Eng Hearing Sheet'!B:B,A17,'Eng Hearing Sheet'!I:I) -> 0 | E17: =SUMIF('Eng Hearing Sheet'!B:B,A17,'Eng Hearing Sheet'!J:J) -> 0 | F17: =IFERROR((C17+4*D17+E17)/6,0) -> 0
A18: Launch / Operation | B18: =COUNTIF('Eng Hearing Sheet'!B:B,A18) -> 3 | C18: =SUMIF('Eng Hearing Sheet'!B:B,A18,'Eng Hearing Sheet'!H:H) -> 0 | D18: =SUMIF('Eng Hearing Sheet'!B:B,A18,'Eng Hearing Sheet'!I:I) -> 0 | E18: =SUMIF('Eng Hearing Sheet'!B:B,A18,'Eng Hearing Sheet'!J:J) -> 0 | F18: =IFERROR((C18+4*D18+E18)/6,0) -> 0
A19: Maintenance | B19: =COUNTIF('Eng Hearing Sheet'!B:B,A19) -> 4 | C19: =SUMIF('Eng Hearing Sheet'!B:B,A19,'Eng Hearing Sheet'!H:H) -> 0 | D19: =SUMIF('Eng Hearing Sheet'!B:B,A19,'Eng Hearing Sheet'!I:I) -> 0 | E19: =SUMIF('Eng Hearing Sheet'!B:B,A19,'Eng Hearing Sheet'!J:J) -> 0 | F19: =IFERROR((C19+4*D19+E19)/6,0) -> 0
A20: Handover | B20: =COUNTIF('Eng Hearing Sheet'!B:B,A20) -> 4 | C20: =SUMIF('Eng Hearing Sheet'!B:B,A20,'Eng Hearing Sheet'!H:H) -> 0 | D20: =SUMIF('Eng Hearing Sheet'!B:B,A20,'Eng Hearing Sheet'!I:I) -> 0 | E20: =SUMIF('Eng Hearing Sheet'!B:B,A20,'Eng Hearing Sheet'!J:J) -> 0 | F20: =IFERROR((C20+4*D20+E20)/6,0) -> 0
A21: Expenses | B21: =COUNTIF('Eng Hearing Sheet'!B:B,A21) -> 0 | C21: =SUMIF('Eng Hearing Sheet'!B:B,A21,'Eng Hearing Sheet'!H:H) -> 0 | D21: =SUMIF('Eng Hearing Sheet'!B:B,A21,'Eng Hearing Sheet'!I:I) -> 0 | E21: =SUMIF('Eng Hearing Sheet'!B:B,A21,'Eng Hearing Sheet'!J:J) -> 0 | F21: =IFERROR((C21+4*D21+E21)/6,0) -> 0
