Workbook

Sheet Eng Hearing Sheet
A1: Task ID | B1: Category | C1: Task | D1: Mode | E1: Spec Ref | F1: Spec Quote (Original Japanese) | G1: Context / Note (English) | H1: Min (hrs) | I1: Likely (hrs) | J1: Max (hrs) | K1: Engineer Comments | L1: Scope
A2: 2.6 | B2: Requirements | C2: Reservation system integration design | D2: Detailed | E2: 8(2)オ | F2: 予約システムについては、現行システムを継続利用するものとする。 | G2: Client reservation system details unknown (awaiting answer). Estimate per scenario: (a) external link only, (b) iframe embed, (c) API integration. | H2: 1 | I2: 2 | J2: 4 | K2: Existing reservation system is reused, not rebuilt - we just connect to it. AWAITING CLIENT on the method. Estimate assumes embedding it in a page (iframe) = 3/6/12h. A simple link = 1/2/4h; full API integration = 16/40/80h. || [QA#23] AirRESERVE, link-only integration, no fee -> reduced to link scenario. | L2: Must-Do
A3: 3.4 | B3: Design | C3: System design docs (overview/basic/detail) | D3: Detailed | E3: 12(1) No.5 | F3: 概要設計、基本設計、詳細設計等の各種システム構築に際して行う設計をまとめた資料 | G3: Three-level design documentation required for public sector project. Estimate based on standard delivery level. | H3: 16 | I3: 32 | J3: 60 | K3: Three-level system design documents - overview, basic and detailed (概要・基本・詳細設計). Deliverable No.5. The related requirements document (要件定義書, No.3) and operation-flow document (運用フロー定義書, No.4) are in row ADD.2. | L3: Must-Do
A4: 3.6 | B4: Design | C4: Server architecture / network design | D4: Detailed | E4: 5(3), 別記1 | F4: サイト運営に必要なサーバ(容量その他サイト運営に必要なスペックを考慮したものとする。)は受託者において確保し、必要な初期設定を行うこと。 | G4: AWAITING CLIENT ANSWER. Estimate per scenario: (a) prefecture shared infrastructure, (b) external rental server. | H4: 8 | I4: 16 | J4: 32 | K4: Server and network design. AWAITING CLIENT on hosting (see 7.1). Estimate assumes the prefecture's shared servers = 4/8/16h. An external rental server would be 8/16/32h. || [QA#14/#16] Dedicated server (independent resources, VPS/cloud), not shared host -> external scenario. | L4: Must-Do
A5: 4.1 | B5: Design (Visual) | C5: Design concept / tone definition | D5: Detailed | E5: 8(2)ア | F5: 甲が提供するもののほか、独自のイラストや写真を使用し、ビジュアルで分かりやすいものとすること。 | G5: Concept definition for museum site. Reference current site (https://www.muse.pref.tochigi.lg.jp/) which is dated. New direction needed. | H5: 8 | I5: 16 | J5: 32 | K5: Define the visual concept and tone (1-2 directions plus revisions). The current site looks dated, so a fresh direction is needed. | L5: Must-Do
A6: 4.2 | B6: Design (Visual) | C6: Design comp - top page | D6: Detailed | E6: 8(2)ウ | F6: 新サイトの全体設計、ページデザインやレイアウトの作成 | G6: Top page is heaviest weighted in evaluation (20 points). Include revision rounds in estimate. | H6: 16 | I6: 28 | J6: 50 | K6: Design the top-page mockup - the highest-weighted page in the bid scoring; includes 2-3 revision rounds. The site structure document and wireframes (新サイト構造設計書, Deliverables No.6 / No.13) are in row ADD.2. | L6: Must-Do
A7: 4.3 | B7: Design (Visual) | C7: Design comps - lower-level templates | D7: Detailed | E7: 8(2)ウ | F7: 新サイトの全体設計、ページデザインやレイアウトの作成 | G7: Likely 3-5 template patterns: listing, detail article, info page, form page, event special page. Estimate per pattern. | H7: 24 | I7: 40 | J7: 70 | K7: Design mockups for the lower-level page templates (about 5 patterns: listing, article, info, form, event), roughly 8-12h each plus revisions. || [QA#28] Single shared template reused for all 企画展/テーマ展 special pages -> caps Max. | L7: Must-Do
A8: 4.4 | B8: Design (Visual) | C8: Original illustration creation | D8: Detailed | E8: 8(2)ア | F8: 甲が提供するもののほか、独自のイラストや写真を使用し、ビジュアルで分かりやすいものとすること。 | G8: Quantity TBD. Estimate per piece for simple icon style vs detailed illustration. | H8: 8 | I8: 24 | J8: 60 | K8: Create original illustrations. Quantity not yet decided - please confirm. Roughly 1-2h for a simple icon, 6-10h for a detailed illustration. || [QA#5] AI-generated images PROHIBITED. [QA#4/#6] Royalty-free stock OK only if rights transfer to client; museum provides existing assets -> hand-drawn/licensed only, keep mid/high. | L8: Must-Do
A9: 4.5 | B9: Design (Visual) | C9: Original photography / stock acquisition | D9: Detailed | E9: 8(2)ア | F9: 甲が提供するもののほか、独自のイラストや写真を使用し、ビジュアルで分かりやすいものとすること。 | G9: Either dispatch photographer to Utsunomiya, or curate stock images. Estimate both scenarios. | H9: 4 | I9: 10 | J9: 20 | K9: Source original photos. Our choice of approach. Estimate assumes curating stock images = 4/10/20h. Sending a photographer on-site (travel + shoot + editing) would be 16/24/40h. || [QA#6] Museum provides existing photos and will cooperate with a shoot -> stock/curation baseline holds. | L9: Must-Do
A10: 4.6 | B10: Design (Visual) | C10: Accessibility-aware design | D10: Detailed | E10: 5(1)キ(ウ) | F10: 個人情報保護に関する法律及び JIS X 8341-3 に準拠した仕様とし、文字の視認性、色使い、画像の代替テキストへの配慮を行うこと。 | G10: AWAITING CLIENT ANSWER. Estimate per scenario: (a) Level A only, (b) Level AA. Includes color contrast, focus states, alt text strategy. | H10: 5 | I10: 11 | J10: 22 | K10: Make the visual design accessible (color contrast, focus states, alt-text plan). AWAITING CLIENT on the required level. Estimate assumes the stricter Level AA = 6/14/28h. Basic Level A would be 4/8/16h. || [QA#12] Level A baseline + AA on key pages (top/guide/access), no 3rd-party test -> between A and AA. | L10: Must-Do
A11: 5.1 | B11: Frontend | C11: Development environment setup | D11: Quick | E11: 5(1)ア | F11: 受託者において開発環境を用意すること。 | G11: Standard dev environment setup (Docker/local LAMP/etc.). Just give a rough number. | H11: 2 | I11: 4 | J11: 8 | K11: Set up the local development environment (standard). | L11: Must-Do
A12: 5.2 | B12: Frontend | C12: HTML/CSS common components | D12: Quick | E12: 5(1)キ(イ) | F12: 新サイトは、HTML、CSS、JavaScript、PHP など、要件全てを満たす技術を用いて制作すること。 | G12: Header, footer, global nav, breadcrumbs. Standard work, rough number is fine. | H12: 8 | I12: 16 | J12: 28 | K12: Build the shared page parts: header, footer, main navigation, breadcrumbs. | L12: Must-Do
A13: 5.3 | B13: Frontend | C13: Top page coding | D13: Quick | E13: 5(1)キ | F13: 新サイトは、HTML、CSS、JavaScript、PHP など、要件全てを満たす技術を用いて制作すること。 | G13: Includes opening calendar widget and slider/banner section. | H13: 8 | I13: 16 | J13: 28 | K13: Code the top page, including the opening-hours calendar widget and the slider / banner area. | L13: Must-Do
... A68: ADD.5 | B68: Content / Editorial | C68: Editorial / content production (copywriting, interviews, fact-check) | D68: Detailed | E68: 8(2)ウ, QA#22 | F68: 原稿のリライティング。新規原稿作成や取材・内容確認まで受託者側の業務に含まれます。 | G68: ADDED per QA#22 – client confirmed contractor scope INCLUDES new manuscript writing, interviews (取材) and fact-checking. Editorial/content work, NOT engineering – tracked as separate scope so the engineering total stays clean. | H68: 32 | I68: 88 | J68: 180 | K68: Scope TBD – depends on page count and number of interviews. Rough: new copy for ~10-15 sitemap pages (2-4h/page), ~5 interviews incl prep+write (~6h each), fact-check ~10h. RECOMMEND confirming volume with PM and resourcing via a content/editorial team. | L68: Editorial

Sheet Instructions
A1: Engineer Hearing Sheet v2 - How to Use
A3: Purpose
B4: Provide effort estimates (in hours) for engineering tasks. Output feeds into the project quotation.
A6: The 'Mode' column
A7: Quick (green) | B7: Standard work. A rough number is OK. Don't overthink. Aim: <30 seconds per row.
A8: Detailed (orange) | B8: Setup/design choices matter. Think about scenarios, dependencies, risks. Aim: 5-10 minutes per row.
B9: Tip: filter the Mode column to focus on Quick first (~30 rows), then tackle Detailed (~30 rows) when you have a coffee.
A11: What to fill in (Min/Likely/Max)
A12: Min (hrs) | B12: Optimistic. Everything goes smoothly. No surprises. No rework.
A13: Likely (hrs) | B13: Realistic. Based on similar work you have done before. Most projects land here.
A14: Max (hrs) | B14: Pessimistic. Significant complications, rework, or scope creep. Worst-case realistic.
B15: These are PERSON-HOURS. 8 hours = 1 person-day.
A17: The 'Engineer Comments' column
B18: Use this freely. Any of the following helps the PM:
B19: - Assumptions you made (e.g., 'Assumed ACF Pro is available')
B20: - Scenario branches (e.g., 'If Level A: 16h, If Level AA: 40h')
B21: - Dependencies (e.g., 'Cannot estimate until 7.1 hosting decision')
B22: - Risks (e.g., 'Movable Type export format unknown, may need custom parser')
B23: - Anything else worth flagging
A25: Reading the Spec Quote (Japanese)
B26: Column F shows the original Japanese spec text (do not translate it). Column G (Context/Note in English) explains the meaning.
B27: If the English context is unclear, ask the PM. Don't guess from translated Japanese.
A29: Items marked 'AWAITING CLIENT ANSWER'
B30: The client has not yet confirmed certain points (e.g., accessibility level, hosting type).
B31: For these, provide estimates PER SCENARIO. Example: 'Level A: 16h / Level AA: 40h'.
B32: When the client answers (around 2026-06-09), the PM will pick the right scenario.
A34: Color legend
A35: Green cells (Quick) | B35: Rough number is fine.
A36: Orange cells (Detailed) | B36: Think carefully.
A37: Yellow cells | B37: Your input goes here.
A38: White cells | B38: Pre-filled by PM. Do not edit.
A40: Deadline
B41: Please complete by: [PM to fill in - target: by 2026-06-02 for parallel processing while client question awaits]
B42: Questions: contact [PM contact info]

Sheet Summary
A1: BY SCOPE (headline)
A2: Scope | B2: Count | C2: Sum Min | D2: Sum Likely | E2: Sum Max | F2: Sum PERT
A3: Must-Do | B3: =COUNTIF('Eng Hearing Sheet'!L:L,A3) | C3: =SUMIF('Eng Hearing Sheet'!L:L,A3,'Eng Hearing Sheet'!H:H) | D3: =SUMIF('Eng Hearing Sheet'!L:L,A3,'Eng Hearing Sheet'!I:I) | E3: =SUMIF('Eng Hearing Sheet'!L:L,A3,'Eng Hearing Sheet'!J:J) | F3: =IFERROR((C3+4*D3+E3)/6,0)
A4: Editorial | B4: =COUNTIF('Eng Hearing Sheet'!L:L,A4) | C4: =SUMIF('Eng Hearing Sheet'!L:L,A4,'Eng Hearing Sheet'!H:H) | D4: =SUMIF('Eng Hearing Sheet'!L:L,A4,'Eng Hearing Sheet'!I:I) | E4: =SUMIF('Eng Hearing Sheet'!L:L,A4,'Eng Hearing Sheet'!J:J) | F4: =IFERROR((C4+4*D4+E4)/6,0)
A5: Optional | B5: =COUNTIF('Eng Hearing Sheet'!L:L,A5) | C5: =SUMIF('Eng Hearing Sheet'!L:L,A5,'Eng Hearing Sheet'!H:H) | D5: =SUMIF('Eng Hearing Sheet'!L:L,A5,'Eng Hearing Sheet'!I:I) | E5: =SUMIF('Eng Hearing Sheet'!L:L,A5,'Eng Hearing Sheet'!J:J) | F5: =IFERROR((C5+4*D5+E5)/6,0)
A6: GRAND TOTAL | B6: =SUM(B3:B5) | C6: =SUM(C3:C5) | D6: =SUM(D3:D5) | E6: =SUM(E3:E5) | F6: =SUM(F3:F5)
A8: Must-Do = core engineering scope for the quote (62 tasks + ADD.2 docs + ADD.3 PM + ADD.4 privacy/security).
A9: Editorial = ADD.5 copywriting/interviews/fact-check (QA#22). Confirmed in scope but editorial, not engineering – resource via content team.
A10: Optional = ADD.1 content migration (QA#2/#10) – round-2 value-add proposal, excluded from must-do total.
A11: Note (Prakhar): with AI-assisted coding/docs/migration + strict QA, delivery may land lower (~850h). Cells reflect an average engineer per sheet rules.
A13: BY MODE
A14: Mode | B14: Count | C14: Sum Min | D14: Sum Likely | E14: Sum Max | F14: Sum PERT
A15: Quick | B15: =COUNTIF('Eng Hearing Sheet'!D:D,A15) | C15: =SUMIF('Eng Hearing Sheet'!D:D,A15,'Eng Hearing Sheet'!H:H) | D15: =SUMIF('Eng Hearing Sheet'!D:D,A15,'Eng Hearing Sheet'!I:I) | E15: =SUMIF('Eng Hearing Sheet'!D:D,A15,'Eng Hearing Sheet'!J:J) | F15: =IFERROR((C15+4*D15+E15)/6,0)
A16: Detailed | B16: =COUNTIF('Eng Hearing Sheet'!D:D,A16) | C16: =SUMIF('Eng Hearing Sheet'!D:D,A16,'Eng Hearing Sheet'!H:H) | D16: =SUMIF('Eng Hearing Sheet'!D:D,A16,'Eng Hearing Sheet'!I:I) | E16: =SUMIF('Eng Hearing Sheet'!D:D,A16,'Eng Hearing Sheet'!J:J) | F16: =IFERROR((C16+4*D16+E16)/6,0)
A17: TOTAL | B17: =SUM(B15:B16) | C17: =SUM(C15:C16) | D17: =SUM(D15:D16) | E17: =SUM(E15:E16) | F17: =SUM(F15:F16)
A19: BY CATEGORY
A20: Category | B20: Count | C20: Sum Min | D20: Sum Likely | E20: Sum Max | F20: Sum PERT
A21: Requirements | B21: =COUNTIF('Eng Hearing Sheet'!B:B,A21) | C21: =SUMIF('Eng Hearing Sheet'!B:B,A21,'Eng Hearing Sheet'!H:H) | D21: =SUMIF('Eng Hearing Sheet'!B:B,A21,'Eng Hearing Sheet'!I:I) | E21: =SUMIF('Eng Hearing Sheet'!B:B,A21,'Eng Hearing Sheet'!J:J) | F21: =IFERROR((C21+4*D21+E21)/6,0)
A22: Design | B22: =COUNTIF('Eng Hearing Sheet'!B:B,A22) | C22: =SUMIF('Eng Hearing Sheet'!B:B,A22,'Eng Hearing Sheet'!H:H) | D22: =SUMIF('Eng Hearing Sheet'!B:B,A22,'Eng Hearing Sheet'!I:I) | E22: =SUMIF('Eng Hearing Sheet'!B:B,A22,'Eng Hearing Sheet'!J:J) | F22: =IFERROR((C22+4*D22+E22)/6,0)
A23: Design (Visual) | B23: =COUNTIF('Eng Hearing Sheet'!B:B,A23) | C23: =SUMIF('Eng Hearing Sheet'!B:B,A23,'Eng Hearing Sheet'!H:H) | D23: =SUMIF('Eng Hearing Sheet'!B:B,A23,'Eng Hearing Sheet'!I:I) | E23: =SUMIF('Eng Hearing Sheet'!B:B,A23,'Eng Hearing Sheet'!J:J) | F23: =IFERROR((C23+4*D23+E23)/6,0)
A24: Frontend | B24: =COUNTIF('Eng Hearing Sheet'!B:B,A24) | C24: =SUMIF('Eng Hearing Sheet'!B:B,A24,'Eng Hearing Sheet'!H:H) | D24: =SUMIF('Eng Hearing Sheet'!B:B,A24,'Eng Hearing Sheet'!I:I) | E24: =SUMIF('Eng Hearing Sheet'!B:B,A24,'Eng Hearing Sheet'!J:J) | F24: =IFERROR((C24+4*D24+E24)/6,0)
A25: CMS (WordPress) | B25: =COUNTIF('Eng Hearing Sheet'!B:B,A25) | C25: =SUMIF('Eng Hearing Sheet'!B:B,A25,'Eng Hearing Sheet'!H:H) | D25: =SUMIF('Eng Hearing Sheet'!B:B,A25,'Eng Hearing Sheet'!I:I) | E25: =SUMIF('Eng Hearing Sheet'!B:B,A25,'Eng Hearing Sheet'!J:J) | F25: =IFERROR((C25+4*D25+E25)/6,0)
A26: Infrastructure | B26: =COUNTIF('Eng Hearing Sheet'!B:B,A26) | C26: =SUMIF('Eng Hearing Sheet'!B:B,A26,'Eng Hearing Sheet'!H:H) | D26: =SUMIF('Eng Hearing Sheet'!B:B,A26,'Eng Hearing Sheet'!I:I) | E26: =SUMIF('Eng Hearing Sheet'!B:B,A26,'Eng Hearing Sheet'!J:J) | F26: =IFERROR((C26+4*D26+E26)/6,0)
A27: Security / Privacy | B27: =COUNTIF('Eng Hearing Sheet'!B:B,A27) | C27: =SUMIF('Eng Hearing Sheet'!B:B,A27,'Eng Hearing Sheet'!H:H) | D27: =SUMIF('Eng Hearing Sheet'!B:B,A27,'Eng Hearing Sheet'!I:I) | E27: =SUMIF('Eng Hearing Sheet'!B:B,A27,'Eng Hearing Sheet'!J:J) | F27: =IFERROR((C27+4*D27+E27)/6,0)
A28: SEO / Analytics | B28: =COUNTIF('Eng Hearing Sheet'!B:B,A28) | C28: =SUMIF('Eng Hearing Sheet'!B:B,A28,'Eng Hearing Sheet'!H:H) | D28: =SUMIF('Eng Hearing Sheet'!B:B,A28,'Eng Hearing Sheet'!I:I) | E28: =SUMIF('Eng Hearing Sheet'!B:B,A28,'Eng Hearing Sheet'!J:J) | F28: =IFERROR((C28+4*D28+E28)/6,0)
A29: Testing / QA | B29: =COUNTIF('Eng Hearing Sheet'!B:B,A29) | C29: =SUMIF('Eng Hearing Sheet'!B:B,A29,'Eng Hearing Sheet'!H:H) | D29: =SUMIF('Eng Hearing Sheet'!B:B,A29,'Eng Hearing Sheet'!I:I) | E29: =SUMIF('Eng Hearing Sheet'!B:B,A29,'Eng Hearing Sheet'!J:J) | F29: =IFERROR((C29+4*D29+E29)/6,0)
A30: Documentation | B30: =COUNTIF('Eng Hearing Sheet'!B:B,A30) | C30: =SUMIF('Eng Hearing Sheet'!B:B,A30,'Eng Hearing Sheet'!H:H) | D30: =SUMIF('Eng Hearing Sheet'!B:B,A30,'Eng Hearing Sheet'!I:I) | E30: =SUMIF('Eng Hearing Sheet'!B:B,A30,'Eng Hearing Sheet'!J:J) | F30: =IFERROR((C30+4*D30+E30)/6,0)
A31: Launch / Operation | B31: =COUNTIF('Eng Hearing Sheet'!B:B,A31) | C31: =SUMIF('Eng Hearing Sheet'!B:B,A31,'Eng Hearing Sheet'!H:H) | D31: =SUMIF('Eng Hearing Sheet'!B:B,A31,'Eng Hearing Sheet'!I:I) | E31: =SUMIF('Eng Hearing Sheet'!B:B,A31,'Eng Hearing Sheet'!J:J) | F31: =IFERROR((C31+4*D31+E31)/6,0)
A32: Maintenance | B32: =COUNTIF('Eng Hearing Sheet'!B:B,A32) | C32: =SUMIF('Eng Hearing Sheet'!B:B,A32,'Eng Hearing Sheet'!H:H) | D32: =SUMIF('Eng Hearing Sheet'!B:B,A32,'Eng Hearing Sheet'!I:I) | E32: =SUMIF('Eng Hearing Sheet'!B:B,A32,'Eng Hearing Sheet'!J:J) | F32: =IFERROR((C32+4*D32+E32)/6,0)
... A36: Project Management | B36: =COUNTIF('Eng Hearing Sheet'!B:B,A36) | C36: =SUMIF('Eng Hearing Sheet'!B:B,A36,'Eng Hearing Sheet'!H:H) | D36: =SUMIF('Eng Hearing Sheet'!B:B,A36,'Eng Hearing Sheet'!I:I) | E36: =SUMIF('Eng Hearing Sheet'!B:B,A36,'Eng Hearing Sheet'!J:J) | F36: =IFERROR((C36+4*D36+E36)/6,0)
